NombreCliente,Direccion,Latitud,Longitud,Volumen estimado en litros,VentanaServicio
Alvarado-Laureano,"Boulevard Tailandia 819 Edif. 600 , Depto. 133, Nueva Ucrania, TAB 79402",19.391828,-99.789996,613,09:00-13:00
"Molina, Ledesma y Cortés","Avenida Olivares 559 407, Vieja Benin, NL 93103-4131",19.266963,-99.505412,1435,14:00-18:00
"Ledesma, Rendón y Nava","Calzada Nayarit 192 Edif. 832 , Depto. 764, Vieja Bahrein, MEX 56413",19.226082,-99.631231,111,08:00-12:00
Galindo-Sanabria S.C.,"Calle Michoacán de Ocampo 884 Edif. 969 , Depto. 653, Vieja Bosnia y Herzegovina, CAMP 22691",19.265591,-99.597858,104,14:00-18:00
"Olivárez, Ybarra y Rocha","Privada Jaramillo 514 Edif. 627 , Depto. 048, Nueva Serbia, OAX 25288",19.259651,-99.540046,1166,12:00-16:00
Zamudio S.A. de C.V.,"Corredor Maldonado 039 117, Nueva Camerún, YUC 48963",19.266132,-99.564294,63,09:00-13:00
Laboratorios Marrero y Ozuna,"Boulevard Sur Garza 509 839, Nueva Bélgica, CAMP 10518",19.409442,-99.6639,368,09:00-13:00
Corporacin Ruelas y Gallegos,"Peatonal Madagascar 116 566, San Carlos los altos, CHIS 65133",19.487164,-99.665362,239,12:00-16:00
Industrias Rangel y Cintrón,"Pasaje Michoacán de Ocampo 781 080, Nueva Côte d'Ivoire, TAB 73602-6064",19.229015,-99.461002,1286,10:00-14:00
Lira y Piña e Hijos,"Circunvalación España 980 500, San Josefina los altos, GTO 81219",19.442138,-99.508107,1148,08:00-12:00
Gollum-Páez,"Retorno Bonilla 998 Interior 543, San Octavio los bajos, SON 47510",19.491935,-99.648586,1180,10:00-14:00
Valladares y Camarillo A.C.,"Corredor Belarús 542 784, Vieja Suecia, CHIS 41182",19.448821,-99.552592,790,14:00-18:00
"Corporacin Zedillo, Gaitán y Montalvo","Circuito Sur Caballero 640 Edif. 052 , Depto. 427, San Marisol de la Montaña, CHIH 28059",19.257687,-99.772178,1404,09:00-13:00
Club Cavazos-Arguello,"Corredor Gaitán 315 Edif. 869 , Depto. 232, Vieja Arabia Saudita, GRO 63421-6073",19.431921,-99.405911,526,08:00-12:00
Proyectos Rincón y Montez,"Ampliación Sudán del Sur 654 145, San Magdalena los bajos, BC 42940",19.314038,-99.618636,797,09:00-13:00
Ybarra-Puente,"Retorno Sur Olmos 340 Edif. 608 , Depto. 835, San Darío los altos, QRO 14846-5648",19.311054,-99.716197,596,08:00-12:00
Grupo Peres-Ojeda,"Privada Sur Maestas 369 Interior 957, San Esparta los altos, JAL 21489-5134",19.382739,-99.731545,551,09:00-13:00
Proyectos Farías y Contreras,"Peatonal Santa Lucía 769 367, San Omar de la Montaña, AGS 63287",19.338678,-99.692021,1360,14:00-18:00
Valdés S.A.,"Pasaje Suiza 895 Edif. 798 , Depto. 687, Vieja Mónaco, MOR 48734",19.265885,-99.670287,164,09:00-13:00
Bernal y Lira S.A.,"Privada Colima 236 231, San Cristina los bajos, VER 03669-0967",19.446541,-99.477982,871,10:00-14:00
Mora S.A. de C.V.,"Peatonal Estados Unidos de América 670 Interior 656, Vieja Camerún, BC 99016-2720",19.219857,-99.434746,1211,10:00-14:00
"Club Menchaca, Galarza y Rentería","Circuito Norte Hernádez 708 053, Nueva Argelia, MICH 09232",19.263788,-99.600307,1366,12:00-16:00
Carrero y Valle S.A.,"Callejón Chihuahua 419 049, San Clara los altos, HGO 93149",19.242861,-99.744148,1199,14:00-18:00
Valles-Arguello,"Avenida Querétaro 671 657, Vieja Dinamarca, NAY 76945-3147",19.278822,-99.566166,1245,12:00-16:00
Proyectos Rivera y Vargas,"Peatonal Meléndez 735 454, San María Teresa de la Montaña, HGO 36783",19.308599,-99.40107,333,14:00-18:00
Salas y Ramos y Asociados,"Cerrada Sonora 349 Edif. 578 , Depto. 856, San Ángela los altos, VER 44313-5182",19.348055,-99.497687,274,09:00-13:00
Grupo Roybal y Lebrón,"Circunvalación Etiopía 240 Interior 824, Nueva República Checa, NL 71094",19.388234,-99.483168,914,14:00-18:00
Roque y Quintana S.A. de C.V.,"Peatonal Chihuahua 671 902, Vieja Bhután, MICH 86999",19.219058,-99.647352,1008,14:00-18:00
Proyectos Solorzano y Olivares,"Prolongación Tamaulipas 990 Interior 913, Vieja Suecia, COL 32812",19.275424,-99.57871,73,08:00-12:00
Paredes S.C.,"Cerrada Lomeli 471 Edif. 349 , Depto. 361, Nueva Granada, DGO 02499",19.404513,-99.585212,596,10:00-14:00
"Club Castellanos, Rocha y Maestas","Pasaje Sur Zamora 659 401, Nueva Swazilandia, NAY 27874",19.233466,-99.626094,979,08:00-12:00
Industrias Pulido-Salazar,"Eje vial Querétaro 125 Interior 674, San María Eugenia de la Montaña, VER 54516",19.486145,-99.449659,589,14:00-18:00
Torres S.C.,"Periférico Kenya 770 Edif. 348 , Depto. 247, San Germán de la Montaña, MICH 48086",19.428589,-99.596927,267,10:00-14:00
Garza-Carrera,"Peatonal Ucrania 846 Interior 773, San María José de la Montaña, SIN 98214",19.452501,-99.596935,457,09:00-13:00
"Molina, Sarabia y Jaramillo","Prolongación Zacatecas 787 558, San Eva los bajos, HGO 96360",19.312174,-99.73538,1136,08:00-12:00
Rojas-Olivárez S.C.,"Calle Sandoval 517 Edif. 187 , Depto. 026, Nueva Namibia, MOR 96158-6578",19.379683,-99.604558,279,10:00-14:00
Barrientos S.A.,"Eje vial Calvillo 172 Edif. 400 , Depto. 504, San Bianca los bajos, DGO 86922",19.463617,-99.467334,679,09:00-13:00
Despacho Olivas-Guajardo,"Pasaje Singapur 740 Interior 748, Nueva México, Q. ROO 64743-6713",19.217378,-99.448796,211,08:00-12:00
"Vázquez, Muñoz y Velasco","Diagonal Laureano 909 743, San Mario los altos, HGO 21047-0952",19.419572,-99.473591,1140,09:00-13:00
Lucero-Mena,"Calle Reino Unido de Gran Bretaña e Irlanda del Norte 884 Interior 247, San Amelia de la Montaña, VER 23685",19.238517,-99.609887,1175,09:00-13:00
Ortega-Alcaraz,"Corredor Norte Viera 513 Interior 709, San Paulina de la Montaña, COAH 46120-0471",19.279517,-99.451027,916,09:00-13:00
Gollum-Terrazas,"Corredor Norte Villagómez 261 Edif. 796 , Depto. 405, Vieja México, MICH 15850-6431",19.478674,-99.497894,1462,09:00-13:00
Bustos y Galindo e Hijos,"Cerrada Distrito Federal 318 Edif. 393 , Depto. 352, Vieja Chipre, DF 21020-5395",19.413885,-99.640403,1425,10:00-14:00
Delgado S.A. de C.V.,"Periférico Sur Barela 758 Interior 917, Nueva Uzbekistán, OAX 00766-1771",19.33143,-99.59297,297,09:00-13:00
Medina-Zúñiga,"Circuito Senegal 985 Edif. 698 , Depto. 478, San Federico los altos, CHIH 67365",19.267409,-99.664766,1254,14:00-18:00
Ozuna y Pelayo e Hijos,"Continuación Norte Noriega 711 116, Vieja Canadá, CAMP 16560-4945",19.269034,-99.711913,195,08:00-12:00
Vélez-Sarabia,"Cerrada Sur Montez 514 Edif. 936 , Depto. 899, Vieja Argelia, GRO 45502-2961",19.268683,-99.437832,726,08:00-12:00
Laboratorios Angulo-Bustos,"Pasaje Norte Cotto 459 Interior 910, Nueva San Vicente y las Granadinas, CAMP 47679",19.354247,-99.688609,1044,09:00-13:00
Pedroza y Laboy S.A.,"Boulevard Norte Villaseñor 840 Interior 369, Nueva Eritrea, OAX 24451",19.36177,-99.510659,1219,14:00-18:00
Salinas e Hijos,"Diagonal Portugal 388 Edif. 516 , Depto. 060, San Elias los bajos, TAMPS 64160-5297",19.341801,-99.486152,883,09:00-13:00
Bueno-Quesada y Asociados,"Prolongación Norte Soria 645 352, Nueva Polonia, HGO 52312-4329",19.228298,-99.536407,775,12:00-16:00
Proyectos Benítez-Díaz,"Prolongación Norte Mata 717 744, Vieja Pakistán, COAH 77005-4119",19.323331,-99.454465,160,08:00-12:00
"Ríos, Vera y Urrutia","Continuación Samoa 820 Interior 715, Nueva Australia, MICH 78892-5546",19.218184,-99.508715,273,09:00-13:00
"Mireles, Zamora y Ávila","Boulevard Sinaloa 492 Interior 519, Vieja Indonesia, SON 91486",19.257477,-99.585486,337,12:00-16:00
Cavazos-Soto A.C.,"Corredor Mares 357 332, Nueva Haití, CHIS 59296",19.255046,-99.614949,204,12:00-16:00
Grupo Durán-de Jesús,"Corredor Sur Quiroz 473 Edif. 834 , Depto. 735, San Francisca los bajos, SIN 23924-0758",19.442407,-99.457613,250,08:00-12:00
Sevilla-Castellanos,"Circuito Mónaco 261 Edif. 375 , Depto. 060, San Josefina los bajos, MICH 15305-1522",19.395643,-99.583765,80,08:00-12:00
Llamas y Asociados,"Pasaje Sur Bétancourt 432 898, San Francisco los bajos, MICH 10369-7117",19.47791,-99.460522,390,12:00-16:00
Serrato S. R.L. de C.V.,"Eje vial Aguascalientes 539 Edif. 621 , Depto. 851, Vieja Namibia, BCS 54051-5319",19.345692,-99.714501,871,08:00-12:00
Cepeda-Armendáriz S.A. de C.V.,"Peatonal Sur Cervántez 704 303, Vieja Indonesia, SON 40345-0541",19.249391,-99.799138,849,10:00-14:00
Quesada-Pabón e Hijos,"Callejón Zacatecas 758 Edif. 416 , Depto. 169, Vieja Irlanda, CHIS 54479",19.477955,-99.485948,634,12:00-16:00
"de la Crúz, Quiroz y Montoya","Retorno Tamaulipas 016 Interior 582, Nueva San Marino, TLAX 21355",19.408977,-99.507798,1188,12:00-16:00
"Valverde, Apodaca y Zedillo","Corredor Tlaxcala 928 565, San Pablo de la Montaña, BC 78681",19.246439,-99.681317,169,14:00-18:00
"Proyectos Hurtado, Ramírez y Gallegos","Boulevard Chad 727 155, Vieja Honduras, GTO 58313",19.420721,-99.775617,692,08:00-12:00
Grupo Salcido-Alvarez,"Privada Sur Briseño 467 866, Nueva Iraq, COAH 78528-9226",19.215043,-99.609285,1137,09:00-13:00
Castellanos S. R.L. de C.V.,"Callejón Irlanda 358 Edif. 414 , Depto. 384, Vieja Santo Tomé y Príncipe, COL 99229",19.217064,-99.596869,430,08:00-12:00
Valle-Arguello y Asociados,"Viaducto Velázquez 396 Interior 907, San Socorro los bajos, YUC 64710",19.378511,-99.529915,531,12:00-16:00
Club Pelayo-Roybal,"Retorno Durango 556 Interior 258, Vieja Filipinas, VER 47321",19.235966,-99.443885,554,14:00-18:00
López S.C.,"Continuación República Dominicana 532 Edif. 787 , Depto. 747, Nueva Libia, VER 39500",19.378356,-99.552247,908,14:00-18:00
"Club Zambrano, Rodrígez y Lira","Calle Norte Navarrete 506 Interior 098, Vieja República Checa, NL 68784",19.369568,-99.673452,584,09:00-13:00
Cazares-Calderón,"Privada San Luis Potosí 398 680, Nueva Chile, QRO 87298-2595",19.400918,-99.674326,593,12:00-16:00
Club Luna-Villaseñor,"Peatonal Baja California 516 Interior 940, San Raúl los altos, MEX 97289",19.239263,-99.5418,986,10:00-14:00
"Cordero, Guerra y Aparicio","Pasaje Martínez 263 Interior 689, San Cornelio los altos, DF 85786",19.478705,-99.425706,69,12:00-16:00
Delgadillo-Rico S. R.L. de C.V.,"Retorno Yucatán 348 434, San Luis Manuel los altos, ZAC 75844-1986",19.386348,-99.574803,254,08:00-12:00
"Montaño, Concepción y López","Corredor Quintanilla 473 Edif. 384 , Depto. 842, Nueva Finlandia, CAMP 30165",19.36129,-99.597646,321,10:00-14:00
Camarillo y Chapa A.C.,"Peatonal Sur Loera 401 Interior 938, Nueva Malawi, GRO 67240",19.464259,-99.448292,806,10:00-14:00
Lugo S. R.L. de C.V.,"Pasaje Zacatecas 874 315, Vieja Sri Lanka, MOR 05493",19.247324,-99.466502,1490,10:00-14:00
Industrias Palomino-Ponce,"Boulevard Sur Cintrón 530 Interior 463, San Renato los bajos, OAX 45301",19.383503,-99.405107,1389,14:00-18:00
Maldonado y Crespo S.C.,"Corredor México 272 795, San María Eugenia los bajos, JAL 91878",19.202347,-99.473158,663,08:00-12:00
Bernal-Valle A.C.,"Callejón Islandia 713 Edif. 971 , Depto. 870, San Guillermo los altos, TAB 90874-0640",19.481679,-99.746284,286,08:00-12:00
Industrias Beltrán y Armenta,"Privada Balderas 704 622, San Bianca los bajos, TLAX 61825-1286",19.422725,-99.737821,627,14:00-18:00
Laboratorios Garica-Acosta,"Privada Norte Tapia 337 Interior 524, Nueva Argentina, TAB 33119",19.263189,-99.662848,1457,10:00-14:00
Ramón S. R.L. de C.V.,"Diagonal Quiñones 830 284, Vieja República Dominicana, PUE 42836",19.351623,-99.699551,154,08:00-12:00
"Corporacin Ballesteros, Valdés y Villareal","Andador Norte Olivárez 566 Edif. 246 , Depto. 287, Nueva Honduras, DGO 08668-8263",19.390285,-99.468261,140,08:00-12:00
"Grupo Menéndez, Berríos y Rascón","Andador Granada 990 Interior 139, Vieja Eslovaquia, QRO 03317-3936",19.300067,-99.747672,586,09:00-13:00
Industrias Medina y Leyva,"Circunvalación Morelos 877 Interior 175, Vieja Irán, TAB 93204",19.422369,-99.579328,925,14:00-18:00
"Lucero, Corral y Estévez","Prolongación Sur Sanabria 547 Edif. 772 , Depto. 522, San José Luis los altos, CAMP 10062",19.202901,-99.769902,1465,09:00-13:00
Despacho Corona y Aguirre,"Andador Yucatán 700 Edif. 886 , Depto. 008, San Magdalena los bajos, BC 21182-3398",19.363677,-99.466162,1242,14:00-18:00
"Proyectos Moreno, Jaramillo y Osorio","Pasaje Sur Gastélum 101 Interior 666, San César los altos, AGS 17659",19.244428,-99.749022,681,10:00-14:00
Suárez-Arias,"Circuito Sur Benavídez 489 Edif. 025 , Depto. 039, Vieja Belice, OAX 93968",19.469694,-99.481551,131,10:00-14:00
Olivo-Cintrón y Asociados,"Boulevard Quesada 159 996, San Ángel los altos, NAY 73586-6296",19.263023,-99.700188,260,10:00-14:00
Lucero-Gurule,"Calle Sinaloa 265 Edif. 511 , Depto. 047, San Reynaldo de la Montaña, DF 26788",19.434035,-99.446346,882,14:00-18:00
"Candelaria, Alvarez y Burgos","Diagonal Aguascalientes 661 Interior 839, Vieja Croacia, DF 44721-2646",19.424843,-99.429694,534,09:00-13:00
"Club Bermúdez, Muro y Heredia","Pasaje Bulgaria 406 596, San Esmeralda los bajos, TAMPS 45937",19.492862,-99.475691,894,08:00-12:00
Díaz-Otero S.A. de C.V.,"Continuación Lesotho 651 Interior 939, Nueva Uzbekistán, VER 74167",19.253808,-99.430205,893,09:00-13:00
Laboratorios Madrigal-Guardado,"Diagonal Sur Rangel 796 Edif. 886 , Depto. 805, Nueva Francia, Q. ROO 90965",19.280042,-99.48505,271,12:00-16:00
"Caraballo, Alarcón y Calvillo","Pasaje Kuwait 798 Interior 250, San Fernando los bajos, TAB 12545",19.46165,-99.456563,505,09:00-13:00
Fonseca y Soliz S.C.,"Pasaje Regalado 140 Interior 105, Nueva Vietman, MICH 82586",19.444976,-99.615879,675,09:00-13:00
Gómez y Palacios e Hijos,"Diagonal Sur Fajardo 966 Interior 033, San Cristian los altos, CHIS 55371",19.266877,-99.535987,866,10:00-14:00
"Laboratorios Saiz, Suárez y Marroquín","Corredor Mora 924 Interior 991, Vieja Cabo Verde, MICH 12528-6692",19.283581,-99.772232,621,10:00-14:00
"Piña, Escamilla y Ruiz","Circunvalación Sur Escobar 790 Interior 507, Nueva Líbano, ZAC 76772-1903",19.392445,-99.640129,1148,10:00-14:00
"Despacho Laureano, Garza y Terrazas","Prolongación Norte Ulloa 191 Edif. 485 , Depto. 807, Vieja Brunei Darussalam, MICH 07451-7133",19.481771,-99.753863,584,09:00-13:00
Porras-de Jesús S. R.L. de C.V.,"Andador República Democrática del Congo 849 Interior 825, San Santiago los altos, NAY 26042",19.374177,-99.40658,128,08:00-12:00
Grupo Concepción-Medina,"Calle Norte Pedroza 711 Interior 684, San Eugenia los bajos, PUE 17518",19.378971,-99.661725,692,12:00-16:00
"Gamez, Portillo y Galarza","Circunvalación Querétaro 929 Edif. 750 , Depto. 017, Nueva Congo, TLAX 06324-2415",19.381863,-99.595431,838,14:00-18:00
"Despacho Nieto, de Jesús y Ávila","Eje vial Sudán 103 712, Vieja Alemania, AGS 16271-3611",19.257024,-99.782245,943,08:00-12:00
Marroquín-Nazario,"Calle Sur Barrientos 909 Edif. 275 , Depto. 326, San Mariano de la Montaña, CHIS 19656",19.355976,-99.477396,1456,09:00-13:00
Cintrón-Gutiérrez S.A. de C.V.,"Ampliación Oaxaca 898 364, Nueva Nueva Zelandia, SIN 37918",19.309266,-99.77201,1410,10:00-14:00
Muro S.A. de C.V.,"Corredor Sur Rodríguez 091 043, Nueva Liechtenstein, NL 66188-9241",19.386947,-99.534645,305,10:00-14:00
"Despacho Segura, Figueroa y Cortés","Circunvalación Quesada 303 Edif. 161 , Depto. 799, Vieja Suiza, GRO 02027",19.352137,-99.533243,718,12:00-16:00
Solorzano-Sierra y Asociados,"Calle Nayarit 105 Edif. 648 , Depto. 149, Vieja Mongolia, SLP 79252",19.409163,-99.578235,442,12:00-16:00
"Proyectos Candelaria, Vela y Carrillo","Ampliación Guevara 756 220, San Mateo los bajos, MICH 54195-1802",19.399479,-99.648342,406,14:00-18:00
Proyectos Sevilla y Arredondo,"Circunvalación Norte Menchaca 870 534, San Rocío de la Montaña, VER 97383-2060",19.370732,-99.63757,50,10:00-14:00
Industrias Montemayor y Aguirre,"Circunvalación Sur Flórez 367 Edif. 024 , Depto. 103, San Berta los bajos, COL 82619",19.286074,-99.628045,1237,14:00-18:00
Puga e Hijos,"Circuito Puebla 557 Interior 431, Nueva República Popular Democrática de Corea, CHIS 12775",19.396412,-99.614005,955,09:00-13:00
"Casárez, Tello y Muñiz","Pasaje Morelos 124 903, San Ignacio de la Montaña, MICH 68044-2067",19.353352,-99.482506,397,08:00-12:00
Despacho Ríos y Canales,"Andador Garibay 365 199, San Eduardo de la Montaña, COAH 72151",19.285136,-99.534458,1318,10:00-14:00
Riojas A.C.,"Peatonal Sur Olivas 625 Edif. 324 , Depto. 472, Nueva Sri Lanka, NL 68701-4626",19.228016,-99.4192,531,10:00-14:00
Laboratorios Sotelo y Haro,"Peatonal Zacatecas 985 Interior 642, Vieja Rwanda, MEX 40785",19.267392,-99.720348,100,08:00-12:00
Grupo Camarillo y Gutiérrez,"Cerrada Velásquez 522 Interior 395, San Nelly de la Montaña, Q. ROO 93784",19.273453,-99.609945,199,12:00-16:00
Club Archuleta-Bustamante,"Ampliación Perú 059 Interior 325, Vieja Bangladesh, BC 92185",19.324332,-99.548094,448,12:00-16:00
Niño-Ortiz,"Continuación Distrito Federal 675 289, San Mateo los altos, GRO 44220-9690",19.348313,-99.702406,1393,08:00-12:00
Industrias Matías-García,"Continuación Yemen 355 215, San Agustín los bajos, JAL 15410",19.467798,-99.455824,268,12:00-16:00
Olvera S.C.,"Peatonal Norte Montoya 617 Edif. 932 , Depto. 710, San Alfredo los bajos, MOR 15262",19.265652,-99.478356,1475,14:00-18:00
Trujillo-Cabán,"Eje vial de Anda 620 Edif. 153 , Depto. 368, San Verónica los bajos, OAX 10698",19.339365,-99.577038,298,12:00-16:00
Corrales y Ayala S.A. de C.V.,"Circunvalación Zapata 310 Interior 324, Vieja Burundi, OAX 77418-6256",19.240002,-99.614143,1137,14:00-18:00
Escobar-Ramírez A.C.,"Circuito Sur Jiménez 021 Edif. 158 , Depto. 693, Vieja Paraguay, TAB 93741-6089",19.378636,-99.419984,956,14:00-18:00
Despacho Rangel-Delgadillo,"Calle Australia 163 Interior 294, San Daniel de la Montaña, SIN 85487-0998",19.444502,-99.443192,923,14:00-18:00
"Carreón, Pedroza y Cornejo","Prolongación Campos 856 Interior 467, San Augusto de la Montaña, NAY 29960-6530",19.333774,-99.736337,1022,12:00-16:00
Jiménez y Nieves A.C.,"Circuito Zacatecas 132 Edif. 475 , Depto. 469, Nueva México, JAL 78508-2148",19.277757,-99.701104,1355,10:00-14:00
"Cervántez, Soria y Varela","Calzada Bahrein 070 534, San Frida los altos, SON 03579",19.429744,-99.59148,1333,09:00-13:00
Díaz y Rojo S. R.L. de C.V.,"Circuito Zambia 140 Edif. 602 , Depto. 933, Nueva Granada, TAB 07229",19.282379,-99.769007,635,09:00-13:00
Garrido S.A. de C.V.,"Diagonal Norte Rico 374 Interior 896, Nueva Palau, SLP 41715-4544",19.281515,-99.672116,1156,08:00-12:00
"Grupo Cornejo, Sierra y Guajardo","Calle Baja California 744 Edif. 666 , Depto. 099, Vieja Uruguay, MEX 58428-2417",19.241512,-99.707495,1471,09:00-13:00
Laboratorios Holguín-Valdivia,"Cerrada Mota 465 549, San Frida de la Montaña, YUC 99917",19.411926,-99.774308,884,10:00-14:00
Industrias Casares y Olivárez,"Calle Chapa 569 725, Nueva Nigeria, QRO 50074",19.362783,-99.63369,473,12:00-16:00
Proyectos de la Garza y Velázquez,"Calle Puente 666 Edif. 760 , Depto. 083, San Aldo los bajos, HGO 03354",19.316843,-99.492082,1474,08:00-12:00
Despacho Olivera-Santacruz,"Andador Lugo 789 Interior 856, Vieja Noruega, Q. ROO 26033",19.45702,-99.493762,829,12:00-16:00
Grupo Alonzo-Villalpando,"Viaducto Baja California Sur 489 Interior 090, Nueva Azerbaiyán, CHIH 76184-7230",19.201769,-99.659296,848,12:00-16:00
"Club Campos, Solís y Jimínez","Periférico Carvajal 117 Interior 393, San Liliana de la Montaña, Q. ROO 42087-3753",19.361466,-99.506146,1285,09:00-13:00
Alcántar e Hijos,"Calle Sur Segura 143 744, San Bruno de la Montaña, GRO 45561",19.346469,-99.690826,1044,08:00-12:00
Armenta-Aguirre,"Corredor Tlaxcala 415 Edif. 521 , Depto. 667, San Carmen los altos, YUC 21202-1697",19.316657,-99.532451,878,09:00-13:00
Durán y Ojeda y Asociados,"Peatonal Nigeria 670 145, Nueva Suriname, QRO 63756",19.452152,-99.432183,1324,14:00-18:00
Proyectos Valdez-Ayala,"Peatonal Sur Benavídez 535 Interior 408, Vieja Luxemburgo, MICH 77971",19.20809,-99.642392,1205,08:00-12:00
Ramón y Mata A.C.,"Diagonal Paz 880 199, San Julia los altos, JAL 55037-5899",19.225184,-99.628555,995,09:00-13:00
Narváez y Regalado A.C.,"Continuación Mota 488 Edif. 510 , Depto. 272, San Fidel los bajos, HGO 16373",19.215085,-99.648358,483,12:00-16:00
Cardenas-Pedroza A.C.,"Prolongación Sur Samaniego 808 697, Nueva Vanuatu, DF 69958",19.298054,-99.495508,826,10:00-14:00
"Peralta, Guzmán y Lara","Pasaje Distrito Federal 698 485, Nueva Eslovaquia, NL 22885-1587",19.425603,-99.46723,566,08:00-12:00
"Tejeda, Lira y Pichardo","Diagonal Colunga 034 244, Nueva Togo, NL 80571",19.341092,-99.50039,156,10:00-14:00
Laboratorios Valentín y Ordóñez,"Diagonal Ontiveros 580 Interior 043, San Mauricio los altos, SLP 34721",19.267267,-99.772553,1384,08:00-12:00
Grupo Serrano-Casares,"Circuito Norte Cedillo 940 572, Nueva Irlanda, CAMP 79851-5832",19.42627,-99.420155,458,08:00-12:00
Santiago-Crespo,"Corredor García 555 439, San Marisol los altos, AGS 57399",19.386401,-99.704582,1019,08:00-12:00
Despacho Mayorga y Olivárez,"Privada Nuevo León 858 877, Vieja Sudáfrica, HGO 81128-8013",19.369191,-99.712814,1482,10:00-14:00
Proyectos Pineda y Cano,"Calle Alva 501 Interior 102, San Mariana de la Montaña, MEX 66766-5061",19.430069,-99.732884,1293,08:00-12:00
Barajas y Asociados,"Periférico Chiapas 491 Interior 476, San Verónica de la Montaña, YUC 83268",19.433338,-99.734494,687,08:00-12:00
"Laboratorios Colón, Lugo y Niño","Andador Adame 968 Edif. 814 , Depto. 353, San Soledad los altos, DGO 23943",19.373605,-99.428445,1229,12:00-16:00
Durán-Valverde,"Circunvalación Barrera 139 Interior 755, Nueva Brasil, NL 35775",19.318996,-99.513994,205,14:00-18:00
"Laboratorios Viera, Corral y Valles","Callejón Sur Marroquín 364 525, San Francisca los bajos, Q. ROO 78129-1428",19.407184,-99.549103,258,10:00-14:00
Corporacin Bermúdez y Benítez,"Prolongación Sur Arce 488 Edif. 725 , Depto. 639, San Gustavo los bajos, COL 58039-2827",19.455088,-99.559835,297,14:00-18:00
Grupo Valles-Valles,"Andador México 314 Interior 530, Vieja Liberia, YUC 00518-4498",19.434791,-99.661118,927,10:00-14:00
Club Ochoa-Navarrete,"Cerrada Norte Morales 779 Interior 082, San Jesús de la Montaña, COAH 32225-9136",19.220687,-99.540983,75,12:00-16:00
Carrera-Rosario e Hijos,"Prolongación Costa Rica 603 Edif. 029 , Depto. 922, Nueva Bahrein, GTO 28699-0413",19.446699,-99.757784,791,12:00-16:00
Zepeda y Rodríguez y Asociados,"Eje vial Saint Kitts y Nevis 929 842, San Eugenia los altos, COAH 66210",19.412193,-99.625805,1118,10:00-14:00
Industrias Santana y Perea,"Peatonal Santo Tomé y Príncipe 088 Edif. 117 , Depto. 298, Vieja Paraguay, TAB 08637-6599",19.384774,-99.432153,1040,12:00-16:00
Pizarro-Cervantes,"Avenida Guinea Bissau 864 Edif. 300 , Depto. 981, Vieja Sudán, JAL 65126-9448",19.330672,-99.50759,599,10:00-14:00
"Vallejo, Navarrete y Leal","Privada Norte Duarte 887 Interior 449, San Clara los altos, DF 37213",19.455514,-99.467708,227,10:00-14:00
"Mireles, Urbina y Ávila","Avenida Colunga 961 Interior 143, San Eloy los altos, BCS 69849-0277",19.464489,-99.702455,1001,14:00-18:00
Ferrer y Asociados,"Retorno Segovia 392 Edif. 053 , Depto. 021, San Claudia los bajos, SON 93801-1848",19.3831,-99.648404,108,12:00-16:00
Montenegro-Lebrón S.A.,"Prolongación Sur Ibarra 681 818, San Ana de la Montaña, MOR 76973-5779",19.455286,-99.727264,484,10:00-14:00
Rosario A.C.,"Viaducto Sur Godínez 658 Interior 804, Vieja Bosnia y Herzegovina, SON 18275-5394",19.43935,-99.663864,1270,10:00-14:00
Laboratorios Espinal-Samaniego,"Circuito Eritrea 339 521, Nueva Tailandia, ZAC 80759",19.366737,-99.593349,441,08:00-12:00
Salcedo-Velasco y Asociados,"Periférico Guinea 392 Interior 086, San Margarita de la Montaña, Q. ROO 27187-5003",19.272407,-99.637429,1187,09:00-13:00
"Vera, Campos y Melgar","Privada Ghana 479 552, San Dulce María de la Montaña, TAB 56472-9293",19.407183,-99.541639,1055,12:00-16:00
Jimínez-Gracia,"Calle Vietman 702 672, San Inés los bajos, MOR 61203",19.43788,-99.762779,503,12:00-16:00
"Club Caldera, Rascón y Mesa","Privada Morelos 061 Interior 593, Vieja Jordania, PUE 71694-7225",19.407536,-99.677518,1241,10:00-14:00
"Vázquez, Palacios y Becerra","Cerrada Puebla 449 Interior 647, San Natividad los altos, TLAX 22023-4132",19.341978,-99.587631,921,14:00-18:00
"Candelaria, Cadena y Barela","Diagonal Soria 149 216, San Maximiliano de la Montaña, NL 22820-0557",19.299237,-99.518858,604,10:00-14:00
Toledo y Jurado S. R.L. de C.V.,"Prolongación Rwanda 968 Interior 845, San Margarita de la Montaña, COL 45642-4008",19.275421,-99.751738,444,10:00-14:00
Corporacin Llamas-Rodarte,"Circunvalación Sur Posada 930 Interior 853, San Marisol los bajos, SON 26634",19.235866,-99.585654,1463,09:00-13:00
Pichardo-Grijalva,"Eje vial Hidalgo 224 179, San Ricardo los altos, ZAC 50208",19.257462,-99.504558,616,14:00-18:00
Escamilla A.C.,"Pasaje Uzbekistán 312 073, San Dolores los bajos, ZAC 70512-0461",19.492982,-99.590145,629,08:00-12:00
Durán y Espinosa y Asociados,"Boulevard Guzmán 730 Interior 371, Vieja Liberia, OAX 20881-4743",19.449789,-99.681501,789,09:00-13:00
Ávila-Gamez A.C.,"Ampliación Guanajuato 916 Interior 300, San Norma de la Montaña, SLP 32719",19.29068,-99.516793,309,10:00-14:00
Balderas-Balderas S.A. de C.V.,"Peatonal Federación de Rusia 857 Interior 306, San Gustavo los bajos, BCS 78487-3928",19.213655,-99.77819,648,09:00-13:00
Mejía-Rocha S.A. de C.V.,"Pasaje Haití 857 Interior 086, Nueva San Vicente y las Granadinas, SLP 51863",19.391361,-99.498883,260,08:00-12:00
Ureña y Corrales S. R.L. de C.V.,"Viaducto Norte Carranza 810 220, Nueva Nigeria, HGO 09678",19.372219,-99.612241,952,10:00-14:00
"Despacho Navarro, García y Zelaya","Viaducto Noruega 705 865, Vieja Polonia, BCS 41381",19.255309,-99.779449,1028,08:00-12:00
Godoy-Tapia,"Periférico Sudán del Sur 928 861, San Yuridia los bajos, TAMPS 22868",19.446635,-99.639717,201,14:00-18:00
Cotto-Tejeda S. R.L. de C.V.,"Privada Puebla 665 Interior 939, Vieja República Centroafricana, MOR 77600-4908",19.388834,-99.778556,355,14:00-18:00
Corporacin Aguayo-Macías,"Ampliación Nayarit 889 Edif. 921 , Depto. 075, Nueva Ghana, SLP 34419",19.484738,-99.765928,558,08:00-12:00
"Varela, Gamboa y Bernal","Peatonal Togo 919 Edif. 409 , Depto. 610, San Andrea los bajos, TAB 39060",19.367422,-99.63353,1270,14:00-18:00
"Industrias Arguello, Matos y Tirado","Calle Azerbaiyán 679 Edif. 981 , Depto. 364, San Ignacio de la Montaña, QRO 79086",19.267706,-99.590971,972,12:00-16:00
"Despacho Ozuna, Sánchez y Puente","Privada Sur Saavedra 938 Interior 983, Nueva Granada, TAMPS 91166-5535",19.289206,-99.56459,928,10:00-14:00
Villegas-Alva y Asociados,"Retorno Tlaxcala 270 Edif. 335 , Depto. 211, Nueva San Vicente y las Granadinas, DGO 05147-7053",19.370589,-99.775908,253,09:00-13:00
Grupo Treviño y Solorzano,"Ampliación Lesotho 804 Edif. 204 , Depto. 394, Vieja Sudán, AGS 64510",19.387655,-99.694142,216,09:00-13:00
"Proyectos Olvera, Godoy y Olivares","Retorno Sur Escamilla 878 003, San Alta  Gracia los bajos, SON 05554",19.27196,-99.579203,370,08:00-12:00
Industrias Leal y Bañuelos,"Privada Lemus 256 216, Vieja Filipinas, DGO 49578-2329",19.322555,-99.524252,1012,10:00-14:00
Proyectos Chavarría y Mares,"Viaducto República de Moldova 518 812, San Humberto los altos, BC 66474-2312",19.209792,-99.684758,629,12:00-16:00
Despacho Jaramillo-Zelaya,"Ampliación Kazajstán 728 975, Vieja Noruega, YUC 23306",19.221354,-99.70663,591,14:00-18:00
Jimínez S.C.,"Avenida Dinamarca 975 Interior 736, San Benito los altos, SIN 69998-8081",19.398355,-99.426533,920,08:00-12:00
